{
  "Right Option Key Sends" : 0,
  "Tags" : [

  ],
  "Ansi 12 Color" : {
    "Red Component" : 0.5372549295425415,
    "Color Space" : "sRGB",
    "Blue Component" : 0.64313727617263794,
    "Alpha Component" : 1,
    "Green Component" : 0.55686277151107788
  },
  "Use Non-ASCII Font" : false,
  "Ansi 6 Color" : {
    "Red Component" : 0.13333334028720856,
    "Color Space" : "sRGB",
    "Blue Component" : 0.78823530673980713,
    "Alpha Component" : 1,
    "Green Component" : 0.63529413938522339
  },
  "Bold Color" : {
    "Red Component" : 0.59215688705444336,
    "Color Space" : "sRGB",
    "Blue Component" : 0.70588237047195435,
    "Alpha Component" : 1,
    "Green Component" : 0.61568629741668701
  },
  "Normal Font" : "RobotoMonoForPowerline-Medium 12",
  "Ansi 2 Color" : {
    "Red Component" : 0.67450982332229614,
    "Color Space" : "sRGB",
    "Blue Component" : 0.22352941334247589,
    "Alpha Component" : 1,
    "Green Component" : 0.59215688705444336
  },
  "Ansi 3 Color" : {
    "Red Component" : 0.75294119119644165,
    "Color Space" : "sRGB",
    "Blue Component" : 0.18823529779911041,
    "Alpha Component" : 1,
    "Green Component" : 0.54509806632995605
  },
  "Rows" : 25,
  "Default Bookmark" : "No",
  "Cursor Color" : {
    "Red Component" : 0.59215688705444336,
    "Color Space" : "sRGB",
    "Blue Component" : 0.70588237047195435,
    "Alpha Component" : 1,
    "Green Component" : 0.61568629741668701
  },
  "Cursor Guide Color" : {
    "Red Component" : 0,
    "Color Space" : "sRGB",
    "Blue Component" : 0,
    "Alpha Component" : 1,
    "Green Component" : 0
  },
  "Non-ASCII Anti Aliased" : true,
  "Use Bright Bold" : true,
  "Ansi 10 Color" : {
    "Red Component" : 0.45175188779830933,
    "Color Space" : "sRGB",
    "Blue Component" : 0.26284646987915039,
    "Alpha Component" : 1,
    "Green Component" : 0.679656982421875
  },
  "Ambiguous Double Width" : false,
  "Jobs to Ignore" : [
    "rlogin",
    "ssh",
    "slogin",
    "telnet"
  ],
  "Ansi 15 Color" : {
    "Red Component" : 0.96078431606292725,
    "Color Space" : "sRGB",
    "Blue Component" : 1,
    "Alpha Component" : 1,
    "Green Component" : 0.9686274528503418
  },
  "Foreground Color" : {
    "Red Component" : 0.9296875,
    "Color Space" : "sRGB",
    "Blue Component" : 0.89338576793670654,
    "Alpha Component" : 1,
    "Green Component" : 0.89338576793670654
  },
  "Working Directory" : "\/Users\/kinoute",
  "Blinking Cursor" : false,
  "Disable Window Resizing" : false,
  "Sync Title" : false,
  "Prompt Before Closing 2" : false,
  "BM Growl" : true,
  "Command" : "",
  "Description" : "Default",
  "Mouse Reporting" : true,
  "Screen" : -1,
  "Selection Color" : {
    "Red Component" : 0.36862745881080627,
    "Color Space" : "sRGB",
    "Blue Component" : 0.52941179275512695,
    "Alpha Component" : 1,
    "Green Component" : 0.40000000596046448
  },
  "Columns" : 80,
  "Idle Code" : 0,
  "Ansi 13 Color" : {
    "Red Component" : 0.87450981140136719,
    "Color Space" : "sRGB",
    "Blue Component" : 0.94509804248809814,
    "Alpha Component" : 1,
    "Green Component" : 0.88627451658248901
  },
  "Custom Command" : "No",
  "ASCII Anti Aliased" : true,
  "Non Ascii Font" : "Monaco 12",
  "Vertical Spacing" : 1,
  "Use Bold Font" : true,
  "Option Key Sends" : 0,
  "Selected Text Color" : {
    "Red Component" : 0.59215688705444336,
    "Color Space" : "sRGB",
    "Blue Component" : 0.70588237047195435,
    "Alpha Component" : 1,
    "Green Component" : 0.61568629741668701
  },
  "Background Color" : {
    "Red Component" : 0.075026936829090118,
    "Color Space" : "sRGB",
    "Blue Component" : 0.21801352500915527,
    "Alpha Component" : 1,
    "Green Component" : 0.14813607931137085
  },
  "Character Encoding" : 4,
  "Ansi 11 Color" : {
    "Red Component" : 0.36862745881080627,
    "Color Space" : "sRGB",
    "Blue Component" : 0.52941179275512695,
    "Alpha Component" : 1,
    "Green Component" : 0.40000000596046448
  },
  "Use Italic Font" : true,
  "Unlimited Scrollback" : true,
  "Keyboard Map" : {
    "0xf700-0x260000" : {
      "Text" : "[1;6A",
      "Action" : 10
    },
    "0x37-0x40000" : {
      "Text" : "0x1f",
      "Action" : 11
    },
    "0x32-0x40000" : {
      "Text" : "0x00",
      "Action" : 11
    },
    "0xf709-0x20000" : {
      "Text" : "[17;2~",
      "Action" : 10
    },
    "0xf70c-0x20000" : {
      "Text" : "[20;2~",
      "Action" : 10
    },
    "0xf729-0x20000" : {
      "Text" : "[1;2H",
      "Action" : 10
    },
    "0xf72b-0x40000" : {
      "Text" : "[1;5F",
      "Action" : 10
    },
    "0xf705-0x20000" : {
      "Text" : "[1;2Q",
      "Action" : 10
    },
    "0xf703-0x260000" : {
      "Text" : "[1;6C",
      "Action" : 10
    },
    "0xf700-0x220000" : {
      "Text" : "[1;2A",
      "Action" : 10
    },
    "0xf701-0x280000" : {
      "Text" : "0x1b 0x1b 0x5b 0x42",
      "Action" : 11
    },
    "0x38-0x40000" : {
      "Text" : "0x7f",
      "Action" : 11
    },
    "0x33-0x40000" : {
      "Text" : "0x1b",
      "Action" : 11
    },
    "0xf703-0x220000" : {
      "Text" : "[1;2C",
      "Action" : 10
    },
    "0xf701-0x240000" : {
      "Text" : "[1;5B",
      "Action" : 10
    },
    "0xf70d-0x20000" : {
      "Text" : "[21;2~",
      "Action" : 10
    },
    "0xf702-0x260000" : {
      "Text" : "[1;6D",
      "Action" : 10
    },
    "0xf729-0x40000" : {
      "Text" : "[1;5H",
      "Action" : 10
    },
    "0xf706-0x20000" : {
      "Text" : "[1;2R",
      "Action" : 10
    },
    "0x34-0x40000" : {
      "Text" : "0x1c",
      "Action" : 11
    },
    "0xf700-0x280000" : {
      "Text" : "0x1b 0x1b 0x5b 0x41",
      "Action" : 11
    },
    "0x2d-0x40000" : {
      "Text" : "0x1f",
      "Action" : 11
    },
    "0xf70e-0x20000" : {
      "Text" : "[23;2~",
      "Action" : 10
    },
    "0xf702-0x220000" : {
      "Text" : "[1;2D",
      "Action" : 10
    },
    "0x7f-0x100000" : {
      "Action" : 11,
      "Text" : "0x15"
    },
    "0xf703-0x280000" : {
      "Action" : 10,
      "Text" : "f"
    },
    "0xf700-0x240000" : {
      "Text" : "[1;5A",
      "Action" : 10
    },
    "0xf707-0x20000" : {
      "Text" : "[1;2S",
      "Action" : 10
    },
    "0xf70a-0x20000" : {
      "Text" : "[18;2~",
      "Action" : 10
    },
    "0x35-0x40000" : {
      "Text" : "0x1d",
      "Action" : 11
    },
    "0xf70f-0x20000" : {
      "Text" : "[24;2~",
      "Action" : 10
    },
    "0x7f-0x80000" : {
      "Action" : 11,
      "Text" : "0x1b 0x7f"
    },
    "0xf703-0x240000" : {
      "Text" : "[1;5C",
      "Action" : 10
    },
    "0xf701-0x260000" : {
      "Text" : "[1;6B",
      "Action" : 10
    },
    "0xf702-0x280000" : {
      "Action" : 10,
      "Text" : "b"
    },
    "0xf72b-0x20000" : {
      "Text" : "[1;2F",
      "Action" : 10
    },
    "0x36-0x40000" : {
      "Text" : "0x1e",
      "Action" : 11
    },
    "0xf708-0x20000" : {
      "Text" : "[15;2~",
      "Action" : 10
    },
    "0xf701-0x220000" : {
      "Text" : "[1;2B",
      "Action" : 10
    },
    "0xf70b-0x20000" : {
      "Text" : "[19;2~",
      "Action" : 10
    },
    "0xf702-0x240000" : {
      "Text" : "[1;5D",
      "Action" : 10
    },
    "0xf704-0x20000" : {
      "Text" : "[1;2P",
      "Action" : 10
    }
  },
  "Window Type" : 0,
  "Background Image Location" : "",
  "Blur" : false,
  "Badge Color" : {
    "Red Component" : 1,
    "Color Space" : "sRGB",
    "Blue Component" : 0,
    "Alpha Component" : 0.5,
    "Green Component" : 0.1491314172744751
  },
  "Scrollback Lines" : 0,
  "Send Code When Idle" : false,
  "Close Sessions On End" : true,
  "Terminal Type" : "xterm-256color",
  "Visual Bell" : true,
  "Flashing Bell" : false,
  "Silence Bell" : false,
  "Ansi 14 Color" : {
    "Red Component" : 0.61176472902297974,
    "Color Space" : "sRGB",
    "Blue Component" : 0.47843137383460999,
    "Alpha Component" : 1,
    "Green Component" : 0.38823530077934265
  },
  "Name" : "Hack",